"","Minimized Deviance","alpha","N50","LD50 or ID50"
" ",0.371494190464967,3.15774661785872,148.194385806186,148.194385806186
