"","Minimized Deviance","alpha","N50","LD50 or ID50"
" ",0.282273319702611,0.118721654485376,226.501516112023,226.501516112023
