"","Minimized Deviance","alpha","N50","LD50 or ID50"
" ",0.864462879321557,1.83626762280134,8.77117980085274,8.77117980085274
