"","Minimized Deviance","alpha","N50","LD50 or ID50"
" ",1.06538937337263,0.802895315948379,77.7651829955036,77.7651829955036
