"","Minimized Deviance","alpha","N50","LD50 or ID50"
" ",4.47850164994899,0.144873567746529,179.129916911827,179.129916911827
