"","Minimized Deviance","alpha","N50","LD50 or ID50"
" ",5.78904465492859,294.227618452305,4107.78009518122,4107.78009518122
